{
  "best_metric": null,
  "best_model_checkpoint": null,
  "epoch": 6.7368421052631575,
  "eval_steps": 500,
  "global_step": 32,
  "is_hyper_param_search": false,
  "is_local_process_zero": true,
  "is_world_process_zero": true,
  "log_history": [
    {
      "epoch": 2.1052631578947367,
      "grad_norm": 5.545420169830322,
      "learning_rate": 8.90915741234015e-05,
      "loss": 3.5618,
      "step": 10
    },
    {
      "epoch": 4.2105263157894735,
      "grad_norm": 1.5369203090667725,
      "learning_rate": 3.887395330218429e-05,
      "loss": 1.8761,
      "step": 20
    },
    {
      "epoch": 6.315789473684211,
      "grad_norm": 1.814673900604248,
      "learning_rate": 1.2536043909088191e-06,
      "loss": 0.79,
      "step": 30
    },
    {
      "epoch": 6.7368421052631575,
      "step": 32,
      "total_flos": 6788478779523072.0,
      "train_loss": 1.9822558760643005,
      "train_runtime": 375.4683,
      "train_samples_per_second": 4.666,
      "train_steps_per_second": 0.085
    }
  ],
  "logging_steps": 10,
  "max_steps": 32,
  "num_input_tokens_seen": 0,
  "num_train_epochs": 8,
  "save_steps": 1000,
  "stateful_callbacks": {
    "TrainerControl": {
      "args": {
        "should_epoch_stop": false,
        "should_evaluate": false,
        "should_log": false,
        "should_save": false,
        "should_training_stop": false
      },
      "attributes": {}
    }
  },
  "total_flos": 6788478779523072.0,
  "train_batch_size": 12,
  "trial_name": null,
  "trial_params": null
}
